;,CEC Title-24 2022/25 Commercial Compliance Ruleset,,,,,
;,File Hash Look-up Table - CBECC-Com 2022.3.0 (exe:1302 SVN:8241),,,,,
;,,,,,,
,TABLE CAComFileHashes,,,,,
,,HashID,HaveHash1,Hash1,HaveHash2,Hash2
,,1,1,98887bf5964a3916b5ce3bc71323b19b6d5d606d1dd8a3ec796abdf30faea9bf,0,none
,,2,1,086eef3413aa1bfa1d0c8d192e71965a1afac03beedae4f88ff8033dcd9fedaa,0,none
,,3,1,e9c7a149610c618990eaf85adedf2539965d203dea5955a3a2ab0b16a433e492,1,23c0ba509f4a61282b9feb6277f7b7eaa00deaf9188f8ab2228b8e10da8d33f6
,,4,1,5805f38a06ef15ee432d417930c110ae3d119a274581fb81812d775b6cb3c2cb,1,a58e9d747df2bb144826ee8dc588e6d02d97283ec9029df8105547df90efbca5
,,5,1,ddce6f9255e850176cdb04f6cc62631d362ac48942759d25ec33f922190d1646,1,66e4abb56727422445074e4c1ee9076b5c4b83955c88f6bd3e9ab1602ee48081
,,6,0,none,1,55f599de3847e32d79c28b1f7e57156b89cb2cb80050c69ea41835a60727c89a
,,7,0,none,1,0ec8c889ac6850e41e66e8019e17b1e8031ae0c1511febaba9fb693c44749873
,,8,1,f27e901338b417177c0afef48d973bcb592760615ba9050cd15bee4dc0c70b3c,1,1dd7827f1a1ab11bbb6953d43acea2bbb3473089976aa2e277c37ae4a7270eb9
,,9,0,none,1,6b87972909668815cbb02fa8474f9890a856a651387d0139a9dc075d439eb231
,,10,0,none,1,b1af5792332f6b17ba37873f5899dab77c2d26f259b2e5972a0c28e96d046a6a
,,11,0,none,1,2e0d290ad8e887fdcb691db68080ebe821b10c36a36e0d32208ab60a01f36f14
,,12,0,none,1,cb53da7ef74fb3123bf567394cf8f8768abf30a59a724a379f6a3320b9bcec77
,,13,0,none,1,e5b53f300bfb18ce213ca552c2292014f92115707f1330c542beabacd7e9a4ec
,,14,0,none,1,2bcac44dfd33edaa1e6e46722922b5f7161d9597c7af83b95ee8f08aed2b63cb
,,15,1,1702f124da61f29cb2185d31edda7a2f36960db72f26bde44dcadeb76b1d9e68,0,none
,,16,1,8923e6b1149237f0fbf77ce838d837ac247c961080e39164853bbd20575789a0,0,none
,,17,1,24693d78816a2db5d72137e42fbabf92a77236e7ee153e63a8a781533c0592fd,0,none
,,18,1,ba862867d75574d27b5627613067fdd3caad83c070ef3242d549da074eb015c2,0,none
,,19,1,fac1b1835f9603a86e7557e87254e370165f52ddd8027e821686576fefb300a6,0,none
,,20,1,54b9dda9a1b6e39525df858910616f882c59c8c70c0190c77e32980e2c670aec,0,none
,,21,1,93212674fb8808c8ca88aed83d71966f0944d232d3098b5b560e55a4db9cd3a2,0,none
,,22,1,b3bf3401ced17f6a1176d8f3ee995698f11f8c1cabbe43aea2fad4e4632e26a8,0,none
,,23,1,38edb6bbf730468abc509bfecbe20ff20d2242e386c3982ea33513cc56e2c826,0,none
,,24,1,4891696a6c429aad5ab83355ee97f097b1b3040eb8d8eed5998c49ca7c93774b,0,none
,,25,1,843be730b3eeaa38d18a4116b7cef5b8a0a4206a6530dd6d9cbf1c29bf914673,0,none
,,26,1,05c197a65cb32055f9288e159cf4dd9a4338b60042432ce5b40100fed4fa2787,0,none
,,27,1,d9c852dd114436fb5b7672c8f9661c6aa8010d8740d150994c18cb7b8a615b0a,1,b80b73de9db3f54270b327633f33ad68c636dc4e2d2cdcd756ac7ec8e7efe52a
,,28,1,e599344af718f35a4baf3174123fba7dee3f994efafa6b8c497d71ebed2b9e68,1,92cd24560b6bef1a38bccc3ee7789474fcd792dcb7bf838f4843868305f288b8
,,29,1,b5499f54038ab6f2f89a35330960b06aa88784e83432170c4341c9d436d9b78e,1,d0c6802a10bdaf42cf8723e361390551b9748b9fd3f9218610c0cc87cdce13fa
,,30,0,none,1,d0c6802a10bdaf42cf8723e361390551b9748b9fd3f9218610c0cc87cdce13fa
,,31,1,caab60077bb5430ba15d02d826a12f27a8a9f6da278e34f5a03a2e24ff42a7ea,0,none
,,32,1,74f74e06c51578de1e0c7d863638a30f24d6f35e433d29fa7280762e1f55f961,0,none
,,*,1,HashIDError,0,none
,ENDTABLE,,,,,
